{
    "Disneyland_HongKong": {
        "num_reviews": 9617,
        "num_positive_reviews": 9109,
        "avg_rating": 4.204117708225018,
        "num_countries": 115
    },
    "Disneyland_California": {
        "num_reviews": 19406,
        "num_positive_reviews": 18160,
        "avg_rating": 4.405338555086056,
        "num_countries": 111
    },
    "Disneyland_Paris": {
        "num_reviews": 13629,
        "num_positive_reviews": 11757,
        "avg_rating": 3.9600117396727565,
        "num_countries": 132
    }
}